{
  "Author": "Team Sloth",
  "Name": "XIVSlothCombo",
  "InternalName": "XIVSlothCombo",
  "AssemblyVersion": "3.1.0.7",
  "Description": "Condenses combos and mutually exclusive abilities onto a single button - and then some.",
  "ApplicableVersion": "any",
  "RepoUrl": "https://github.com/Nik-Potokar/XIVSlothCombo",
  "DalamudApiLevel": 9,
  "LoadRequiredState": 0,
  "LoadSync": false,
  "CanUnloadAsync": false,
  "LoadPriority": 0,
  "IconUrl": "https://raw.githubusercontent.com/Nik-Potokar/XIVSlothCombo/main/res/plugin/xivslothcombo.png",
  "Punchline": "Condenses combos and mutually exclusive abilities onto a single button - and then some.",
  "Changelog": "Features, Fixes & Enhancements for Framework, AST, ASTPvP, RDM, SGE and SCH. Please check the project's GitHub or Discord for a full changelog.",
  "AcceptsFeedback": true
}